{
    "extends": [
        "config:base",
        "schedule:weekly",
        ":disableDependencyDashboard",
        "docker:disable"
    ],
    "semanticCommits": false,
    "postUpdateOptions": [
        "gomodTidy"
    ],
    "commitMessagePrefix": "chore(all): ",
    "commitMessageAction": "update",
    "groupName": "deps",
    "ignoreDeps": [
        "github.com/GoogleCloudPlatform/opentelemetry-operations-go/exporter/trace",
        "go.opentelemetry.io/contrib/detectors/gcp",
        "go.opentelemetry.io/otel",
        "go.opentelemetry.io/otel/metric",
        "go.opentelemetry.io/otel/sdk",
        "go.opentelemetry.io/otel/trace",
        "google.golang.org/genproto"
    ],
    "ignorePaths": [
        "**/snippets/**"
    ],
    "packageRules": [
        {
            "matchPackagePatterns": [
                "^github.com/google/go-github/v",
                "^github.com/apache/arrow/go/v",
                "^github.com/cloudprober/cloudprober"
            ],
            "enabled": false
        }
    ],
    "force": {
        "constraints": {
            "go": "1.20"
        }
    }
}
