{
    "accessapproval": "1.7.7",
    "accesscontextmanager": "1.8.7",
    "advisorynotifications": "1.4.1",
    "alloydb": "1.10.2",
    "analytics": "0.23.2",
    "apigateway": "1.6.7",
    "apigeeconnect": "1.6.7",
    "apigeeregistry": "0.8.5",
    "apikeys": "1.1.7",
    "appengine": "1.8.7",
    "apphub": "0.1.1",
    "apps": "0.4.2",
    "area120": "0.8.7",
    "artifactregistry": "1.14.9",
    "asset": "1.19.1",
    "assuredworkloads": "1.11.7",
    "automl": "1.13.7",
    "backupdr": "0.1.1",
    "baremetalsolution": "1.2.6",
    "batch": "1.8.5",
    "beyondcorp": "1.0.6",
    "billing": "1.18.5",
    "binaryauthorization": "1.8.3",
    "certificatemanager": "1.8.1",
    "channel": "1.17.7",
    "chat": "0.1.0",
    "cloudbuild": "1.16.1",
    "cloudcontrolspartner": "0.2.1",
    "clouddms": "1.7.6",
    "cloudprofiler": "0.3.2",
    "cloudquotas": "0.2.1",
    "cloudtasks": "1.12.8",
    "commerce": "0.1.6",
    "compute": "1.26.0",
    "compute/metadata": "0.3.0",
    "confidentialcomputing": "1.5.1",
    "config": "0.4.0",
    "contactcenterinsights": "1.13.2",
    "container": "1.35.1",
    "containeranalysis": "0.11.6",
    "datacatalog": "1.20.1",
    "dataflow": "0.9.7",
    "dataform": "0.9.4",
    "datafusion": "1.7.7",
    "datalabeling": "0.8.7",
    "dataplex": "1.16.0",
    "dataproc": "2.4.2",
    "dataqna": "0.8.7",
    "datastream": "1.10.6",
    "deploy": "1.18.1",
    "dialogflow": "1.53.0",
    "discoveryengine": "1.7.1",
    "dlp": "1.13.0",
    "documentai": "1.28.0",
    "domains": "0.9.7",
    "edgecontainer": "1.2.1",
    "edgenetwork": "0.2.4",
    "essentialcontacts": "1.6.8",
    "eventarc": "1.13.6",
    "filestore": "1.8.3",
    "functions": "1.16.2",
    "gkebackup": "1.4.1",
    "gkeconnect": "0.8.7",
    "gkehub": "0.14.7",
    "gkemulticloud": "1.1.3",
    "grafeas": "0.3.6",
    "gsuiteaddons": "1.6.7",
    "iam": "1.1.8",
    "iap": "1.9.6",
    "identitytoolkit": "0.0.0",
    "ids": "1.4.7",
    "iot": "1.7.7",
    "kms": "1.16.0",
    "language": "1.12.5",
    "lifesciences": "0.9.7",
    "longrunning": "0.5.7",
    "managedidentities": "1.6.7",
    "maps": "1.8.0",
    "mediatranslation": "0.8.7",
    "memcache": "1.10.7",
    "metastore": "1.13.6",
    "migrationcenter": "0.2.6",
    "monitoring": "1.19.0",
    "netapp": "0.2.8",
    "networkconnectivity": "1.14.6",
    "networkmanagement": "1.13.2",
    "networksecurity": "0.9.7",
    "notebooks": "1.11.5",
    "optimization": "1.6.5",
    "orchestration": "1.9.2",
    "orgpolicy": "1.12.3",
    "osconfig": "1.12.7",
    "oslogin": "1.13.3",
    "parallelstore": "0.2.0",
    "phishingprotection": "0.8.7",
    "policysimulator": "0.2.5",
    "policytroubleshooter": "1.10.5",
    "privatecatalog": "0.9.7",
    "rapidmigrationassessment": "1.0.7",
    "recaptchaenterprise": "2.13.0",
    "recommendationengine": "0.8.7",
    "recommender": "1.12.3",
    "redis": "1.14.4",
    "resourcemanager": "1.9.7",
    "resourcesettings": "1.6.7",
    "retail": "1.16.2",
    "run": "1.3.7",
    "scheduler": "1.10.8",
    "secretmanager": "1.13.0",
    "securesourcemanager": "0.1.5",
    "security": "1.16.1",
    "securitycenter": "1.30.0",
    "securitycentermanagement": "0.1.8",
    "securityposture": "0.1.3",
    "servicecontrol": "1.13.2",
    "servicedirectory": "1.11.6",
    "servicehealth": "0.1.4",
    "servicemanagement": "1.9.8",
    "serviceusage": "1.8.6",
    "shell": "1.7.7",
    "shopping": "0.6.0",
    "speech": "1.23.1",
    "storageinsights": "1.0.7",
    "storagetransfer": "1.10.6",
    "streetview": "0.1.0",
    "support": "1.0.6",
    "talent": "1.6.8",
    "telcoautomation": "0.2.2",
    "texttospeech": "1.7.7",
    "tpu": "1.6.7",
    "trace": "1.10.7",
    "translate": "1.10.3",
    "video": "1.20.6",
    "videointelligence": "1.11.7",
    "vision": "2.8.2",
    "visionai": "0.1.2",
    "vmmigration": "1.7.7",
    "vmwareengine": "1.1.3",
    "vpcaccess": "1.7.7",
    "webrisk": "1.9.7",
    "websecurityscanner": "1.6.7",
    "workflows": "1.12.6",
    "workstations": "0.5.6"
}
